,bins,n,W
0,497.21225,3.0,1.1
1,497.61675,6.0,2.2
2,498.02125,8.0,2.9
3,498.42575,16.0,5.9
4,498.83025,39.0,14.3
5,499.23475,36.0,13.2
6,499.63925,40.0,14.7
7,500.04375,30.0,11.0
8,500.44825000000003,27.0,9.9
9,500.85275,13.0,4.8
10,501.25725,20.0,7.4
11,501.66175,23.0,8.5
12,502.06625,2.0,0.7
13,502.47075,5.0,1.8
14,502.87525,1.0,0.4
15,503.27975000000004,0.0,0.0
16,503.68425,0.0,0.0
17,504.08875,1.0,0.4
18,504.49325,1.0,0.4
19,504.89775000000003,1.0,0.4
