,bins,n,W
0,497.4145,9.0,3.3
1,498.2235,24.0,8.8
2,499.0325,75.0,27.6
3,499.8415,70.0,25.7
4,500.65049999999997,40.0,14.7
5,501.45950000000005,43.0,15.8
6,502.2685,7.0,2.6
7,503.0775,1.0,0.4
8,503.8865,1.0,0.4
9,504.69550000000004,2.0,0.7
